{"results": {"total_energy": -3013017.92658861, "fermi_energy": -5.04135398, "highest_occupied_state": -5.04446227, "lowest_unoccupied_state": -5.03444191, "estimated_homo_lumo_gap": 0.01002036, "cell_volume": 572.2999274955883}, "calculation_summary": {"code_version": "240507", "commit_number": "7e80a0c21", "number_of_tasks": 36, "total_time": 10285.059, "peak_memory_among_tasks_mb": 326.687, "largest_tracked_array_allocation_mb": 42.804, "calculation_exited_regularly": "Yes"}, "change_of_sum_of_eigenvalues": [{"charge_density": {"data": [2.31, 1.715, 0.4319, 0.4031, 0.2724, 0.1863, 0.1223, 0.06712, 0.04758, 0.03719, 0.01765, 0.01144, 0.006049, 0.004995, 0.004206, 0.003281, 0.002921, 0.002115, 0.002003, 0.00126, 0.001199, 0.0006453, 0.0004291, 0.0003918, 0.0002929, 0.0002721, 0.0002078, 0.000191, 0.0001355, 0.0001207, 0.0001003, 9.437e-05, 4.945e-05, 4.547e-05, 4.035e-05, 3.402e-05, 2.821e-05, 2.554e-05, 2.282e-05, 2.03e-05, 1.91e-05, 1.628e-05, 1.466e-05, 1.19e-05, 1.102e-05, 7.046e-06, 6.399e-06, 5.946e-06, 5.575e-06, 4.927e-06, 4.626e-06, 4.275e-06, 4.035e-06, 3.341e-06, 3.182e-06, 2.709e-06, 2.42e-06, 2.211e-06], "label": "Change of Charge Density"}, "eigen_values": {"data": [-800.4, -2263.0, -147.6, -272.5, 25.24, -62.96, 91.83, 67.54, -29.86, 29.75, 11.43, 5.457, 0.1755, 0.7498, 0.3656, 0.5792, -2.084, -0.1815, 1.648, -0.07309, -1.389, -0.1525, -0.04698, -0.07476, 0.003973, -0.1283, 0.02944, -0.0107, -0.05206, 0.03251, 0.01657, -0.051, 0.002133, 0.00148, -0.002746, 0.01104, -0.005882, 0.002293, 0.01093, -0.003718, -0.009097, 0.004371, -0.003478, -0.0009224, -0.002853, -0.002098, 0.00103, -0.0004274, -0.001732, 0.001299, 0.001642, -0.0009626, 0.001351, 0.0003449, 0.0009137, 0.0008, -0.0003143, 3.479e-05], "label": "Change of Eigenvalues"}, "total_energy": {"data": [16.2, 21.25, 0.4804, 0.3906, 0.4906, 0.3286, 0.2709, 0.04186, 0.02443, 0.01045, 0.00345, 0.002299, 0.0005173, 0.000308, 0.0006471, -0.0001076, -0.000241, 3.109e-05, 0.0002269, 1.5e-05, 5.098e-05, 3.891e-05, 1.337e-05, 1.626e-05, -8.25e-06, 4.138e-05, 3.097e-06, -1.998e-05, -4.825e-06, -3.753e-06, 8.316e-07, 7.396e-06, -5.053e-07, 7.128e-07, 3.216e-06, -2.233e-06, 5.682e-07, 2.029e-06, 1.515e-06, 2.225e-07, -1.592e-07, -2.107e-07, 9.385e-07, -3.049e-08, -2.867e-07, 4.704e-07, -1.604e-07, -2.875e-07, -2.277e-07, -7.128e-09, 7.365e-08, 3.603e-08, -7.88e-08, 2.574e-08, 1.113e-07, -7.048e-08, 9.82e-08, 2.994e-07], "label": "Change of Total Energy"}}, {"charge_density": {"data": [0.5916, 0.7847, 0.6768, 0.3081, 0.2012, 0.08772, 0.06548, 0.05381, 0.03762, 0.03212, 0.01836, 0.01786, 0.01346, 0.007113, 0.007913, 0.002937, 0.002544, 0.001449, 0.001315, 0.001123, 0.001057, 0.0007834, 0.0007058, 0.0006038, 0.0005393, 0.0004779, 0.0001667, 0.0001336, 0.0001072, 0.0001029, 6.865e-05, 5.47e-05, 5.115e-05, 3.727e-05, 3.317e-05, 2.469e-05, 2.266e-05, 1.017e-05, 7.521e-06, 6.413e-06, 5.058e-06, 3.727e-06, 3.457e-06, 2.89e-06, 2.594e-06, 2.432e-06, 2.118e-06], "label": "Change of Charge Density"}, "eigen_values": {"data": [-1785000.0, -40.0, -219.0, -151.3, -13.33, -1.138, -14.99, 16.29, 13.62, 7.245, 5.189, -8.509, -6.569, 2.709, -2.868, 0.2825, -0.847, 0.2301, 0.522, -0.04323, -0.5393, -0.1759, -0.02657, 0.02982, 0.02791, 0.1308, 0.0154, 0.02672, 0.0008671, -0.00512, 0.0249, 0.005318, -0.0137, -0.00527, -0.01253, -0.0007094, 0.007683, -0.000861, -0.0001567, -2.615e-06, -0.001512, -0.0001677, 0.0003845, 0.0003407, 0.0001104, -0.0003244, -0.0005152], "label": "Change of Eigenvalues"}, "total_energy": {"data": [-3013000.0, 1.161, 3.13, 0.6128, 0.4641, 0.1189, 0.05207, 0.0299, 0.01755, 0.006091, 0.00103, 0.001601, 0.001904, 0.0001483, 0.0009775, 1.441e-05, 0.0001993, 2.933e-05, 3.588e-05, 1.141e-05, 3.466e-05, 1.009e-05, 2.024e-06, -9.664e-06, -9.281e-06, -1.949e-05, -9.919e-07, -1.328e-06, -3.136e-07, -2.998e-06, -1.036e-06, -3.964e-07, 5.983e-07, 3.643e-07, 9.895e-07, 8.316e-08, -6.185e-07, -2.016e-07, -9.107e-08, -8.553e-08, -1.228e-07, -2.732e-08, -7.761e-08, -7.722e-08, -2.534e-08, -3.96e-09, -2.376e-09], "label": "Change of Total Energy"}}, {"charge_density": {"data": [0.5979, 0.09203, 0.07052, 0.06333, 0.0357, 0.03017, 0.01639, 0.01423, 0.009488, 0.006594, 0.005052, 0.003391, 0.002178, 0.001687, 0.00103, 0.0005529, 0.0005187, 0.0002477, 0.0002085, 0.0001855, 0.0001752, 0.0001268, 7.645e-05, 6.656e-05, 5.65e-05, 3.083e-05, 2.531e-05, 2.236e-05, 8.646e-06, 7.302e-06, 7.021e-06, 5.408e-06, 3.901e-06, 3.425e-06, 3.198e-06, 1.633e-06, 1.398e-06, 1.29e-06], "label": "Change of Charge Density"}, "eigen_values": {"data": [-1785000.0, -3.818, -6.101, -17.66, -7.449, -8.402, 0.5804, 2.407, 5.99, 3.49, 4.765, 1.191, -0.8334, -1.751, -0.865, -0.0601, -0.3786, 0.02048, 0.05893, 0.02909, 0.007831, -0.05009, 0.01332, 0.02071, -0.02645, 0.007748, 0.002661, -0.01004, -0.004685, -0.0009344, -0.001873, 0.001348, -0.0005784, 7.591e-05, 0.003452, -0.0004852, -6.16e-05, 0.0004454], "label": "Change of Eigenvalues"}, "total_energy": {"data": [-3013000.0, 0.243, 0.2271, 0.1799, 0.03413, 0.0129, 0.001827, 0.002296, 0.0006973, 0.0001427, 6.843e-05, 0.0001015, 5.429e-05, 6.373e-05, 3.844e-05, 2.412e-06, 1.561e-05, -2.079e-07, 1.519e-06, 3.089e-07, -2.086e-06, -3.736e-06, -7.341e-07, -6.332e-07, 8.735e-07, -6.415e-08, -2.059e-08, 4.688e-07, -1.03e-08, 1.03e-08, 7.286e-08, 2.495e-08, -1.624e-08, -2.613e-08, -1.821e-07, -2.693e-08, -7.128e-09, -3.089e-08], "label": "Change of Total Energy"}}, {"charge_density": {"data": [0.5935, 0.8043, 0.7, 0.3474, 0.2112, 0.09384, 0.07889, 0.05693, 0.04238, 0.03216, 0.02018, 0.01628, 0.01292, 0.00755, 0.005665, 0.002938, 0.002527, 0.001624, 0.001494, 0.0009259, 0.0008678, 0.0006632, 0.0005752, 0.000377, 0.0003315, 0.0002145, 0.000151, 0.0001321, 0.000119, 8.181e-05, 5.848e-05, 5.233e-05, 4.094e-05, 3.83e-05, 3.214e-05, 2.777e-05, 1.568e-05, 1.271e-05, 1.182e-05, 9.424e-06, 6.808e-06, 6.017e-06, 5.294e-06, 4.418e-06, 4.026e-06, 3.264e-06, 2.906e-06, 2.152e-06, 1.851e-06, 1.523e-06], "label": "Change of Charge Density"}, "eigen_values": {"data": [-1785000.0, -35.7, -197.9, -212.7, 35.17, 16.2, -32.02, 10.55, 15.64, 7.783, 0.4971, -4.349, -3.343, -1.791, -1.387, -0.2499, 0.7755, -0.3096, -0.3286, 0.02906, 0.02673, 0.03003, -0.1965, -0.006803, 0.1155, 0.03871, -0.03663, -0.01301, 0.02286, 0.006021, 0.004566, 0.002994, 0.003897, 0.006112, -0.006222, -0.0004125, 0.004096, 8.713e-05, -0.001871, 0.0001845, -5.835e-05, 0.0005616, -0.0006794, -4.636e-05, 0.001446, 0.0003144, -8.195e-05, 0.0001168, 0.0001495, -0.0002434], "label": "Change of Eigenvalues"}, "total_energy": {"data": [-3013000.0, 1.32, 3.369, 0.7993, 0.4329, 0.07757, 0.1135, 0.02521, 0.02492, 0.005355, 0.001042, 0.001794, 0.002372, 0.0004127, 0.0007621, 7.797e-05, 8.871e-05, 7.487e-06, 8.864e-05, 2.187e-06, -3.154e-06, -2.191e-06, 1.671e-05, 3.447e-06, 3.632e-06, 3.397e-06, -6.613e-08, -3.659e-07, -1.254e-06, 6.787e-07, 2.214e-07, -2.835e-07, -4.581e-07, -1.203e-06, -4.942e-07, -9.42e-07, -6.811e-08, 2.811e-08, 2.415e-08, -2.415e-08, 1.346e-08, -9.503e-09, 1.208e-07, 4.395e-08, 1.901e-08, -9.899e-09, -5.623e-08, -4.079e-08, -5.385e-08, -2.059e-08], "label": "Change of Total Energy"}}, {"charge_density": {"data": [0.603, 0.03534, 0.02942, 0.01865, 0.01411, 0.01023, 0.006525, 0.004079, 0.003173, 0.002208, 0.001461, 0.0008038, 0.0006755, 0.0004461, 0.0004117, 0.0003058, 0.0002825, 0.0002614, 0.0001071, 9.147e-05, 7.655e-05, 6.875e-05, 4.806e-05, 3.72e-05, 3.311e-05, 2.998e-05, 1.974e-05, 1.828e-05, 8.04e-06, 3.641e-06, 1.863e-06, 1.429e-06, 1.326e-06], "label": "Change of Charge Density"}, "eigen_values": {"data": [-1785000.0, -0.1756, -0.7176, -1.168, -0.7069, -1.11, 0.1055, 0.2602, 0.5739, 0.2836, 0.05975, -0.04988, -0.1361, -0.02555, -0.09796, -0.007012, 0.005274, 0.05632, 0.004137, -0.008293, -0.004765, -0.006321, -0.001779, 0.0007885, 0.001815, -0.003861, -0.0008838, -0.005631, 0.002215, 0.001884, 6.49e-05, -5.79e-06, -0.0001109], "label": "Change of Eigenvalues"},